{"cameraMode":{"drawMode":0,"name":"Shaded","section":"Shading Mode"},"sceneLighting":false,"audioPlay":false,"sceneViewState":{"showFog":false,"showMaterialUpdate":false,"showSkybox":false,"showFlares":false,"showImageEffects":false,"showParticleSystems":false},"in2DMode":false,"pivot":{"x":488.02423095703127,"y":326.16461181640627,"z":73.85075378417969},"rotation":{"x":-0.18973295390605927,"y":0.30497634410858157,"z":0.062139399349689487,"w":0.9311984777450562},"size":10.0,"orthographic":true}